{
    "id": "after-eden",
    "title": "Magic Items Vol 15: After Eden",
    "version": "2.0.0",
    "manifest": "https://www.dropbox.com/scl/fi/3587q2fgymwlceorsrb8p/module.json?rlkey=7rhl0qelp3ndo5f2q0m2lzn58&dl=1",
    "download": "https://www.dropbox.com/scl/fi/t4wcfjyd5sd5mwy4sxd1u/after-eden.zip?rlkey=1b1e7a0etv5vlqdq32lipggru&dl=1",
    "compatibility": {
        "minimum": "12",
        "verified": "12"
    },
    "authors": [
        {
            "name": "Arcane Affinity",
            "flags": {}
        }
    ],
    "packs": [
        {
            "name": "after-eden-items",
            "label": "Magic Items Vol 15: After Eden",
            "path": "packs/after-eden-items",
            "type": "Item",
            "ownership": {
                "PLAYER": "OBSERVER",
                "ASSISTANT": "OWNER"
            },
            "system": "dnd5e",
            "flags": {}
        }
    ]
}